epa_complaint_#,named_entity,date_received,alleged_discrimination_basis,current_status,clean_date_received,clean_current_status,clean_current_status_date,clean_current_status_cause,clean_alleged_discrimination_basis,0,1,time_elapsed_since_update
01r-22-r4,"city of conyers, ga",10/14/2021,title vi: race,pending: under jurisdictional review,2021-10-14,pending,,under jurisdictional review,race,race,,
02r-22-r4,"rockdale county, ga",10/14/2021,title vi: race,pending: under jurisdictional review,2021-10-14,pending,,under jurisdictional review,race,race,,
01r-22-r5,michigan egle (flint),11/8/2021,title vi: race,pending: under jurisdictional review,2021-11-08,pending,,under jurisdictional review,race,race,,
01r-21-r9,"bay area air quality monitoring district, ca",11/30/2020,title vi: race,pending: preliminary findings of non-compliance issued 6/21/2021,2020-11-30,pending,2021-06-21,preliminary findings of non-compliance issued 6/21/2021,race,race,,203.0
02r-21-r9,"san francisco dept. of public health, ca",11/30/2020,title vi: race,rejected 12/22/2020: lack of jurisdiction,2020-11-30,rejected,2020-12-22,lack of jurisdiction,race,race,,22.0
01rno-21-r5,illinois epa,1/6/2021,"title vi: race, national origin",pending: in informal resolution negotiation,2021-01-06,pending,,in informal resolution negotiation,"race, national origin",race, national origin,
01r-21-r3,"city of ranson, wv",1/8/2021,title vi: race,rejected 1/28/2021: lack of jurisdiction,2021-01-08,rejected,2021-01-28,lack of jurisdiction,race,race,,20.0
02r-21-r3,"philadelphia dept. of health, pa",3/5/2021,title vi: race,pending: in informal resolution negotiation,2021-03-05,pending,,in informal resolution negotiation,race,race,,
01r-21-r4,"town of trenton, nc",3/5/2021,title vi: race,rejected 3/22/2021: lack of jurisdiction,2021-03-05,rejected,2021-03-22,lack of jurisdiction,race,race,,17.0
02ad-21-r4,epa region 4,3/26/2021,"section 504/age act: disability, age",rejected 4/30/2021: lack of jurisdiction,2021-03-26,rejected,2021-04-30,lack of jurisdiction,"disability, age",disability, age,35.0
03r-21-r4,tennessee dept env and conservation,5/21/2021,title vi: race,pending: in informal resolution negotiation,2021-05-21,pending,,in informal resolution negotiation,race,race,,
01rno-21-r6,texas department of transportation,5/28/2021,"title vi: race, national origin","rejected 6/24/2021: same complaint pending with lead agency, us dot",2021-05-28,rejected,2021-06-24,"same complaint pending with lead agency, us dot","race, national origin",race, national origin,27.0
02r-21-r5,upper miss river basin association,5/28/2021,title vi: race,pending: in informal resolution negotiation,2021-05-28,pending,,in informal resolution negotiation,race,race,,
02d-21-r3,maryland department of the environment,6/1/2021,"section 504: disability, employment",rejected 7/28/2021:  untimely filed/same complaint pending with eeoc,2021-06-01,rejected,2021-07-28, untimely filed/same complaint pending with eeoc,"disability, employment",disability, employment,57.0
04x-21-r4,south carolina agencies,5/25/2021,unclear,rejected 7/7/2021: lack of information/complainant non- responsive,2021-05-25,rejected,2021-07-07,lack of information/complainant non- responsive,,,,43.0
01ds-21-r2,"borough of sayreville, nj",6/29/2021,"section 504/title ix: disability, sex",rejected 7/23/2021: lack of jurisdiction,2021-06-29,rejected,2021-07-23,lack of jurisdiction,"disability, sex",disability, sex,24.0
03r-21-r3,va department of environmental quality,7/21/2021,title vi: race,pending: in informal resolution negotiation,2021-07-21,pending,,in informal resolution negotiation,race,race,,
04r-21-r3,"hanover county, va",7/21/2021,title vi: race,rejected 8/12/2021: lack of jurisdiction,2021-07-21,rejected,2021-08-12,lack of jurisdiction,race,race,,22.0
02r-21-r6,texas comm. on envir. quality,8/18/2021,title vi: race,pending: under investigation,2021-08-18,pending,,under investigation,race,race,,
02rno-21-r2,new york dec,8/30/2021,title vi: race; national origin,pending: under investigation,2021-08-30,pending,,under investigation,race; national origin,race, national origin,
04rno-21-r2,national grid,8/30/2021,title vi: race; national origin,"not accepted for investigation 10-21-2021: lack of jurisdiction (coordinating with doj, dot, doe)",2021-08-30,not accepted for investigation 10-21-2021,,"lack of jurisdiction (coordinating with doj, dot, doe)",race; national origin,race, national origin,
03r-21-r5,kalamazoo county,9/1/2021,title vi: race,pending:  under jurisdictional review,2021-09-01,pending,, under jurisdictional review,race,race,,
04r-21-r5,michigan egle (kalamazoo),9/1/2021,title vi: race,pending:  under jurisdictional review,2021-09-01,pending,, under jurisdictional review,race,race,,
03no-21-r6,new mexico env. dept.,9/16/2021,title vi: national origin,pending:  under jurisdictional review,2021-09-16,pending,, under jurisdictional review,national origin,national origin,,
01u-20-r3,pa dept of corrections,10/16/2019,unknown,rejected/referred to doj 10/17/2020: lack of jurisdiction,2019-10-16,rejected/referred to doj,2020-10-17,lack of jurisdiction,,,,367.0
01u-20-r6,texas dept of criminal justice,10/29/2019,unknown,rejected/referred to doj 10/30/2020: lack of jurisdiction,2019-10-29,rejected/referred to doj,2020-10-30,lack of jurisdiction,,,,367.0
01r-20-r4,adem - dothan msw landfill,10/31/2019,title vi: race,rejected without prejudice 11/22/2019: not ripe for review,2019-10-31,rejected without prejudice,2019-11-22,not ripe for review,race,race,,22.0
01no-20-r9,utc collins aerospace,11/4/2019,title vi: national origin,rejected 11/8/2019: lack of jurisdiction,2019-11-04,rejected,2019-11-08,lack of jurisdiction,national origin,national origin,,4.0
02no-20-r6,texas ceq,11/12/2019,title vi: national origin,resolved with informal resolution agreement 11/4/2020: in monitoring,2019-11-12,resolved with informal resolution agreement,2020-11-04,in monitoring,national origin,national origin,,358.0
03d-20-r6,"senior services of america, inc.",11/14/2019,section 504: disability,rejected/referred to eeoc 12/9/2019: lack of jurisdiction/required referral,2019-11-14,rejected/referred to eeoc,2019-12-09,lack of jurisdiction/required referral,disability,disability,,25.0
01no-20-r10,puget sound clean air agency,11/15/2019,title vi: national origin,rejected without prejudice 12/9/2019: not ripe for review,2019-11-15,rejected without prejudice,2019-12-09,not ripe for review,national origin,national origin,,24.0
01d-20-r5,wisconsin dnr,12/5/2019,section 504: disability,rejected/referred to eeoc 12/26/2019: lack of jurisdiction,2019-12-05,rejected/referred to eeoc,2019-12-26,lack of jurisdiction,disability,disability,,21.0
02r-20-r9,hawaii doa,1/9/2020,"title vi: retaliation, national origin",rejected/referred to eeoc 1/31/2020: investigation unjustified/lack of jurisdiction,2020-01-09,rejected/referred to eeoc,2020-01-31,investigation unjustified/lack of jurisdiction,"retaliation, national origin",retaliation, national origin,22.0
02no-20-r10,puget sound clean air agency,1/31/2020,title vi: national origin,rejected without prejudice 2/25/2020: not ripe for review,2020-01-31,rejected without prejudice,2020-02-25,not ripe for review,national origin,national origin,,25.0
02r-20-r4,nc deq,2/6/2020,"title vi: race, national origin",rejected without prejudice 3/2/2020: not ripe for review,2020-02-06,rejected without prejudice,2020-03-02,not ripe for review,"race, national origin",race, national origin,25.0
03r-20-r4,kennesaw state univ.,2/11/2020,title vi: race,"rejected 3/3/2020: same complaint pending with lead agency, us dept of education",2020-02-11,rejected,2020-03-03,"same complaint pending with lead agency, us dept of education",race,race,,21.0
04x-20-r4,nc deq,4/2/2020,title vi: race,rejected 4/6/2020: correspondent contacted ncdeq directly to resolve,2020-04-02,rejected,2020-04-06,correspondent contacted ncdeq directly to resolve,race,race,,4.0
01no-20-r1,mass eea,6/1/2020,title vi: national origin,rejected: converted to compliance review 7/27/2020,2020-06-01,rejected,2020-07-27,converted to compliance review 7/27/2020,national origin,national origin,,56.0
02no-20-r1,ma dept of public utilities,6/1/2020,title vi: national origin,rejected 6/29/2020: lack of jurisdiction,2020-06-01,rejected,2020-06-29,lack of jurisdiction,national origin,national origin,,28.0
03no-20-r1,ma energy facilities siting board,6/1/2020,title vi: national origin,rejected 6/29/2020: lack of jurisdiction,2020-06-01,rejected,2020-06-29,lack of jurisdiction,national origin,national origin,,28.0
04dr-20-r6,"city of colleyville, tx",7/9/2020,"section 504: disability, retaliation","rejected 7/31/2020: lack of jurisdiction, provided dhs info",2020-07-09,rejected,2020-07-31,"lack of jurisdiction, provided dhs info","disability, retaliation",disability, retaliation,22.0
01cr-20-r1,mass eea compliance review,8/10/2020,title vi: national origin,pending: in informal resolution negotiation,2020-08-10,pending,,in informal resolution negotiation,national origin,national origin,,
01rno-20-r7,missouri dnr,9/9/2020,"title vi: race, national origin",pending: partial prelim findings issued 3/30/2021 on issue 2; issue 1 remains under investigation,2020-09-09,pending,2021-03-30,partial prelim findings issued 3/30/2021 on issue 2; issue 1 remains under investigation,"race, national origin",race, national origin,202.0
01d-19-r5,mn dept of ag,10/16/2018,section 504/title vi: disability,resolved with informal resolution agreement 8/19/2019: in monitoring,2018-10-16,resolved with informal resolution agreement,2019-08-19,in monitoring,disability,disability,,307.0
01r-19-r4,city of atlanta,11/1/2018,title vi: race/income,rejected 5/2/2019: allegations insufficiently grounded in fact,2018-11-01,rejected,2019-05-02,allegations insufficiently grounded in fact,race/income,race/income,,182.0
02r-19-r4,ga dept of natural resources,11/1/2018,title vi: race/income,rejected 5/2/2019: allegations insufficiently grounded in fact,2018-11-01,rejected,2019-05-02,allegations insufficiently grounded in fact,race/income,race/income,,182.0
01r-19-r3,va deq,11/21/2018,title vi: race,rejected without prejudice 12/28/2018: not ripe for review,2018-11-21,rejected without prejudice,2018-12-28,not ripe for review,race,race,,37.0
01rno-19-r9,collins aerospace,3/26/2019,title vi: national origin,rejected 4/9/2019: lack of jurisdiction,2019-03-26,rejected,2019-04-09,lack of jurisdiction,national origin,national origin,,14.0
02u-19-r9,ca dept of corrections – medical facility 1,4/3/2019,unknown,rejected/referred to doj 4/8/2019: lack of jurisdiction,2019-04-03,rejected/referred to doj,2019-04-08,lack of jurisdiction,,,,5.0
01rr-19-r6,texas ceq,4/8/2019,"title vi: race, retaliation",rejected/referred to eeoc 5/1/2019: lack of jurisdiction,2019-04-08,rejected/referred to eeoc,2019-05-01,lack of jurisdiction,"race, retaliation",race, retaliation,23.0
03u-19-r9,ca dept of corrections – medical facility 2,4/29/2019,unknown,rejected/referred to doj 5/2/2019: lack of jurisdiction,2019-04-29,rejected/referred to doj,2019-05-02,lack of jurisdiction,,,,3.0
03r-19-r4,city of st. augustine fl,5/8/2019,title vi: race,rejected 5/30/2019: allegations insufficiently grounded in fact,2019-05-08,rejected,2019-05-30,allegations insufficiently grounded in fact,race,race,,22.0
04r-19-r4,ga dept of natural resources,5/23/2019,title vi: race,rejected 6/17/2019: referred to dhs/doi as lead agencies,2019-05-23,rejected,2019-06-17,referred to dhs/doi as lead agencies,race,race,,25.0
02no-19-r6,new mexico env. dept.,6/3/2019,title vi: national origin,resolved and closed 12/18/2019: preliminary finding of insufficient evidence of violation,2019-06-03,resolved and closed,2019-12-18,preliminary finding of insufficient evidence of violation,national origin,national origin,,198.0
02u-19-r3,otto berg apts. (dc),7/24/2019,unknown,rejected 7/25/2019: lack of jurisdiction,2019-07-24,rejected,2019-07-25,lack of jurisdiction,,,,1.0
03r-19-r3,wvdep,9/24/2019,"title vi: race, no",resolved with informal resolution agreement 1/8/2021: in monitoring,2019-09-24,resolved with informal resolution agreement,2021-01-08,in monitoring,"race, no",race, no,472.0
04r-19-r3,jefferson county (wv) commission,9/24/2019,title vi: race,administratively closed 1/7/2020: lack of jurisdiction (originally accepted 10/17/2019),2019-09-24,administratively closed,2019-10-17,lack of jurisdiction (originally accepted 10/17/2019),race,race,,23.0
01cr-19-r4,owasa (nc) compliance review,9/27/2019,title vi: race,resolved with informal resolution agreement 5/6/2020: in monitoring,2019-09-27,resolved with informal resolution agreement,2020-05-06,in monitoring,race,race,,222.0
05r-19-r3,jefferson county office of the clerk (wv),9/24/2019,title vi: race,administratively closed 10/17/2019: merged with 04r- 29-r3 (same entity as jefferson county comm.),2019-09-24,administratively closed,2019-10-17,merged with 04r- 29-r3 (same entity as jefferson county comm.),race,race,,23.0
01x-18-r6,texas department of criminal justice,3/6/2018,none stated,rejected/referred to doj 3/13/2018: lack of jurisdiction,2018-03-06,rejected/referred to doj,2018-03-13,lack of jurisdiction,,,,7.0
01x-18-r9,"wilmington, ca",3/12/2018,none stated,rejected 4/20/2018: lack of jurisdiction,2018-03-12,rejected,2018-04-20,lack of jurisdiction,,,,39.0
01r-18-r4,nc dept. of environmental quality,3/28/2018,title vi: race,rejected without prejudice 4/20/2018:  pending w/state agency,2018-03-28,rejected without prejudice,2018-04-20, pending w/state agency,race,race,,23.0
02r-18-r9,la unified school dist.,5/15/2018,"title vi: race, national origin",rejected 6/1/2018: lack of jurisdiction and untimely,2018-05-15,rejected,2018-06-01,lack of jurisdiction and untimely,"race, national origin",race, national origin,17.0
02r-18-r4,nc deq – atlantic coast pipeline,5/16/2018,title vi: race,rejected without prejudice 8/24/2018: not ripe for investigation,2018-05-16,rejected without prejudice,2018-08-24,not ripe for investigation,race,race,,100.0
03r-18-r4,adem - grievance procedures,6/13/2018,title vi: procedural violations,resolved with insufficient evidence finding and closed 12/3/2018,2018-06-13,resolved with insufficient evidence finding and closed 12/3/2018,2018-12-03,,procedural violations,procedural violations,,173.0
01r-18-r3,va deq – atlantic coast pipeline,6/19/2018,title vi: race,rejected without prejudice 8/24/2018: not ripe for investigation,2018-06-19,rejected without prejudice,2018-08-24,not ripe for investigation,race,race,,66.0
02r-18-r3,philadelphia dept. of health,8/1/2018,title vi: race,rejected without prejudice 8/23/2018:  pending with local agency,2018-08-01,rejected without prejudice,2018-08-23, pending with local agency,race,race,,22.0
04x-18-r4,alabama dept. of corrections,8/6/2018,none,rejected and referred to doj 8/8/2018: lack of jurisdiction,2018-08-06,rejected and referred to doj,2018-08-08,lack of jurisdiction,,,,2.0
03u-18-r3,"moniteau school district, pa",8/13/2018,unknown,rejected 8/30/2018: lack of jurisdiction,2018-08-13,rejected,2018-08-30,lack of jurisdiction,,,,17.0
05r-18-r4,sc dept of health and envir control,8/16/2018,title vi: race,rejected 9/7/2018: untimely filed,2018-08-16,rejected,2018-09-07,untimely filed,race,race,,22.0
04r-18-r9,tetra tech,9/18/2018,title vi: race,rejected 10/9/2018: lack of jurisdiction,2018-09-18,rejected,2018-10-09,lack of jurisdiction,race,race,,21.0
05r-18-r9,city and county of san francisco,9/18/2018,title vi: race,rejected 12/20/2018: allegation not grounded in fact/not appropriate for investigation,2018-09-18,rejected,2018-12-20,allegation not grounded in fact/not appropriate for investigation,race,race,,93.0
06r-18-r9,calepa/dtsc,9/18/2018,title vi: race,rejected 12/20/2018: allegation not grounded in fact/not appropriate for investigation,2018-09-18,rejected,2018-12-20,allegation not grounded in fact/not appropriate for investigation,race,race,,93.0
01r-17-r5,illinois epa,11/2/2016,title vi: race,rejected 11/24/2017: lack of jurisdiction; untimely filed,2016-11-02,rejected,2017-11-24,lack of jurisdiction; untimely filed,race,race,,387.0
02r-17-r9,ca air resources board,11/14/2016,title vi: race,administratively closed: complainant withdrew complaint,2016-11-14,administratively closed,,complainant withdrew complaint,race,race,,
03d-17-r4,kentucky energy & environmental cabinet,11/29/2016,section 504: disability,rejected 9/15/2017:  allegation not grounded in fact/not appropriate for investigation,2016-11-29,rejected,2017-09-15, allegation not grounded in fact/not appropriate for investigation,disability,disability,,290.0
04d-17-r9,"avalonbay communities, inc.",11/29/2016,section 504/ada: disability,rejected 11/3/2017: lack of jurisdiction,2016-11-29,rejected,2017-11-03,lack of jurisdiction,disability,disability,,339.0
05d-17-r9,oakwood worldwide,11/29/2016,section 504/ada: disability,rejected 11/3/2017:  lack of jurisdiction,2016-11-29,rejected,2017-11-03, lack of jurisdiction,disability,disability,,339.0
06x-17-r5,wisconsin dept. of corrections,11/30/2016,none,rejected and referred to doj 8/3/2017:  lack of jurisdiction,2016-11-30,rejected and referred to doj,2017-08-03, lack of jurisdiction,,,,246.0
07r-17-r7,missouri dnr,12/27/2016,title vi: race,rejected 7/13/2018:  untimely filed,2016-12-27,rejected,2018-07-13, untimely filed,race,race,,563.0
08r-17-r7,"kansas city, mo health dept.",12/26/2016,title vi: race,administratively closed 8/14/2017:  complainant withdrew complaint,2016-12-26,administratively closed,2017-08-14, complainant withdrew complaint,race,race,,231.0
09d-17-r9,"city of south lake tahoe, ca",2/6/2017,section 504: disability,rejected 12/27/2018: allegation not grounded in fact/not appropriate for investigation/untimely,2017-02-06,rejected,2018-12-27,allegation not grounded in fact/not appropriate for investigation/untimely,disability,disability,,689.0
10d-17-r4,"city of tallahassee, fl",2/7/2017,section 504: disability,rejected 3/1/2018: lack of jurisdiction,2017-02-07,rejected,2018-03-01,lack of jurisdiction,disability,disability,,387.0
12d-17-r7,"city of overland park fire department, ks",3/31/2017,section 504: disability,rejected 11/24/2017: lack of jurisdiction,2017-03-31,rejected,2017-11-24,lack of jurisdiction,disability,disability,,238.0
13r-17-r9,"city of oakland, ca & board of port commissioners",4/5/2017,title vi: race; national origin,resolved through informal resolution agreement: 7/25/2019; monitoring completed and case closed 12/19/2019,2017-04-05,resolved through informal resolution agreement,2019-12-19,7/25/2019; monitoring completed and case closed 12/19/2019,race; national origin,race, national origin,988.0
14r-17-r9,port of oakland & board of port commissioners,4/5/2017,title vi: race,resolved through informal resolution agreement: 7/25/2019; monitoring completed and case closed 11/27/2019,2017-04-05,resolved through informal resolution agreement,2019-11-27,7/25/2019; monitoring completed and case closed 11/27/2019,race,race,,966.0
15x-17-r7,"city of merriam, ks",4/11/2017,none,rejected and referred 4/12/2017: lack of jurisdiction,2017-04-11,rejected and referred,2017-04-12,lack of jurisdiction,,,,1.0
16r-17-r4,alabama department of environmental management (stone's throw landfill),4/28/2017,title vi: race,resolved 12/10/2018: preliminary findings of insufficient evidence of discrimination,2017-04-28,resolved,2018-12-10,preliminary findings of insufficient evidence of discrimination,race,race,,591.0
17x-17-r4,"franklin correctional, nc",5/1/2017,none,rejected 8/11/2017: lack of jurisdiction,2017-05-01,rejected,2017-08-11,lack of jurisdiction,,,,102.0
18x-17-r5,"village of barrington, il",5/10/2017,none,rejected 9/14/2017: lack of jurisdiction – no discrimination alleged,2017-05-10,rejected,2017-09-14,lack of jurisdiction – no discrimination alleged,,,,127.0
19x-17-r7,miller county health dept. (mo),5/16/2017,none,rejected 6/19/2017: lack of jurisdiction – no discrimination alleged,2017-05-16,rejected,2017-06-19,lack of jurisdiction – no discrimination alleged,,,,34.0
20s-17-r5,marketeering group,6/3/2017,sex discrimination in employment,rejected/closed 6/8/2017:  lack of jurisdiction,2017-06-03,rejected/closed,2017-06-08, lack of jurisdiction,,,,5.0
21x-17-r9,"redlands, ca resident",7/25/2017,none,rejected/closed 7/31/2017: no discrimination alleged,2017-07-25,rejected/closed,2017-07-31,no discrimination alleged,,,,6.0
22d-17-r3,"franklin township, butler county, pa",7/11/2017,section 504: disability,rejected 9/8/2017: lack of jurisdiction,2017-07-11,rejected,2017-09-08,lack of jurisdiction,disability,disability,,59.0
23rd-17-r3,"city of norfolk, va",8/16/2017,title vi: race; section 504: disability,rejected without prejudice 5/17/2018:  not ripe for investigation,2017-08-16,rejected without prejudice,2018-05-17, not ripe for investigation,disability,disability,,274.0
24rd-17-r3,norfolk redevelopment and housing authority,8/16/2017,title vi: race section 504: disability,rejected without prejudice 5/17/2018: not ripe for investigation,2017-08-16,rejected without prejudice,2018-05-17,not ripe for investigation,disability,disability,,274.0
01x-16-r5,village of barrington (il),10/5/2015,unknown (envir conditions),admin closure 2/16/2017: lack of response from complainant to requests for clarification,2015-10-05,admin closure,2017-02-16,lack of response from complainant to requests for clarification,,,,500.0
02no-16-r4,ga dept of agriculture,10/1/2015,title vi: national origin,resolved through informal resolution agreement: 2/8/2017; monitoring completed and case closed 1/7/2020,2015-10-01,resolved through informal resolution agreement,2020-01-07,2/8/2017; monitoring completed and case closed 1/7/2020,national origin,national origin,,1559.0
03d-16-r2,city of rochester ny,10/15/2015,section 504: disability,resolved through early complaint resolution agreement: 7/19/2018; case closed 10/9/2018,2015-10-15,resolved through early complaint resolution agreement,2018-10-09,7/19/2018; case closed 10/9/2018,disability,disability,,1090.0
04r-16-r4,"athens, ga - fluoride",10/30/2015,title vi: race,rejected 9/29/2017: investigation unwarranted- insufficiently grounded in fact,2015-10-30,rejected,2017-09-29,investigation unwarranted- insufficiently grounded in fact,race,race,,700.0
05r-16-r4,athens-clark county (ga) - landfill,11/30/2015,title vi: race,"rejected 3/1/2018: insufficient information to determine jurisdiction, lack of response from complainant to requests for clarification",2015-11-30,rejected,2018-03-01,"insufficient information to determine jurisdiction, lack of response from complainant to requests for clarification",race,race,,822.0
06d-16-r4,athens-clark county (ga) – water quality,11/30/2015,section 504: disability,"rejected 12/1/2017: insufficient information to determine jurisdiction, lack of response from complainant to requests for clarification, complainant referred to region 4 to continue existing actions re: enviro issues",2015-11-30,rejected,2017-12-01,enviro issues,disability,disability,,732.0
07x-16-r10,shorewood heights apt. (wa),12/9/2015,unknown (enviro conditions),"rejected 4/20/2016: lack of recipient jurisdiction, lack of discriminatory act",2015-12-09,rejected,2016-04-20,"lack of recipient jurisdiction, lack of discriminatory act",,,,133.0
08r-16-r6,"baton rouge, la",12/22/2015,title vi: race,rejected 6/18/2018: lack of jurisdiction,2015-12-22,rejected,2018-06-18,lack of jurisdiction,race,race,,909.0
09u-16-r6,tx dept. of criminal justice,1/11/2016,unknown (enviro conditions),"referred 7/6/2016 (doj, doi, usda): lack of jurisdiction",2016-01-11,"referred 7/6/2016 (doj, doi, usda)",2016-07-06,lack of jurisdiction,,,,177.0
10x-16-r5,unknown,1/14/2016,unknown (enviro conditions),rejected 7/19/2016: insufficient information to determine jurisdiction,2016-01-14,rejected,2016-07-19,insufficient information to determine jurisdiction,,,,187.0
11u-16-r4,duke power,2/4/2016,unknown (enviro conditions),"rejected/referred 11/2/2017: lack of recipient status, enviro conditions referred to epa r4 drinking water staff",2016-02-04,rejected/referred,2017-11-02,"lack of recipient status, enviro conditions referred to epa r4 drinking water staff",,,,637.0
12x-16-r5,"factory farms, brodhead, wi",2/7/2015,unknown (enviro conditions),admin closure 7/18/2016: complaint withdrawn,2015-02-07,admin closure,2016-07-18,complaint withdrawn,,,,527.0
13r-16-r4,al dem – dothan landfill,2/3/2016,title vi: race,resolved and closed 3/1/2018: admin closure re: issue 1 (mootness) 11/3/2016; issue 2 –,2016-02-03,resolved and closed,2016-11-03,issue 1 (mootness) 11/3/2016; issue 2 –,race,race,,274.0
,,,,insufficient evidence of noncompliance,,insufficient evidence of noncompliance,,,,,,
14x-16-r4,not provided by complainant,11/10/2015,unknown,"admin closure 6/30/2016: ocr unable to open original dvd correspondence, lack of response from complainant to follow-up notice from ocr",2015-11-10,admin closure,2016-06-30,"ocr unable to open original dvd correspondence, lack of response from complainant to follow-up notice from ocr",,,,233.0
15r-16-r4,"dekalb county, ga",3/4/2016,title vi: race,rejected 9/1/2017: lack of discriminatory act,2016-03-04,rejected,2017-09-01,lack of discriminatory act,race,race,,546.0
16u-16-r9,sacramento air quality mgmt district,3/8/2016,unknown (corruption in agency),"rejected 8/29/2017: lack of timeliness, lack of discriminatory basis",2016-03-08,rejected,2017-08-29,"lack of timeliness, lack of discriminatory basis",,,,539.0
17rd-16-r5,michigan deq,3/8/2016,title vi: race section 504: disability,resolved through informal resolution agreement: 12/4/2019; monitoring completed and case closed 1/5/2021,2016-03-08,resolved through informal resolution agreement,2021-01-05,12/4/2019; monitoring completed and case closed 1/5/2021,disability,disability,,1764.0
18rd-16-r5,"genesee county, mi",3/8/2016,title vi: race section 504: disability,resolved through informal resolution agreement: 12/19/2019; in monitoring,2016-03-08,resolved through informal resolution agreement,2019-12-19,12/19/2019; in monitoring,disability,disability,,1381.0
19rd-16-r5,"city of flint, mi",3/8/2016,title vi: race section 504: disability,resolved through informal resolution agreement: 3/4/2020; in monitoring,2016-03-08,resolved through informal resolution agreement,2020-03-04,3/4/2020; in monitoring,disability,disability,,1457.0
20x-16-r4,not provided by complainant,2/24/2016,unknown,"rejected 8/31/2016: lack of jurisdiction, referral unwarranted",2016-02-24,rejected,2016-08-31,"lack of jurisdiction, referral unwarranted",,,,189.0
21x-16-r3,not provided by complainant,3/17/2016,unknown (enviro conditions),"rejected 6/7/2017: insufficient information to determine jurisdiction, provided contact information of prince george’s county md re: noise ordinance",2016-03-17,rejected,2017-06-07,noise ordinance,,,,447.0
22r-16-r4,fl dep,3/19/2016 3/22/2016,title vi: race,rejected 3/1/2018: investigation unwarranted- insufficiently grounded in fact,,rejected,2018-03-01,investigation unwarranted- insufficiently grounded in fact,race,race,,
23rno-16-r3,md dept. of envir – lead paint,8/24/2015,"title vi: race, national origin",rejected 12/20/2016: untimely filed,2015-08-24,rejected,2016-12-20,untimely filed,"race, national origin",race, national origin,484.0
24r-16-r5,"epa, region 5",4/18/2015,title vi: race,"rejected 6/6/2016: lack of recipient status, further action referred to epa region 5",2015-04-18,rejected,2016-06-06,"lack of recipient status, further action referred to epa region 5",race,race,,415.0
25ta-16-r2,new york dec,4/22/2016,,technical assistance to recipient,2016-04-22,technical assistance to recipient,,,,,,
26r-16-r6,"city of dallas, tx",4/25/2016,title vi: race,rejected 9/19/2018: investigation unwarranted- insufficiently grounded in fact,2016-04-25,rejected,2018-09-19,investigation unwarranted- insufficiently grounded in fact,race,race,,877.0
27r-16-r6,arkansas deq,4/26/2016,title vi: race,resolved through informal resolution agreement: 1/8/2021; in monitoring,2016-04-26,resolved through informal resolution agreement,2021-01-08,1/8/2021; in monitoring,race,race,,1718.0
29r-16-r3,md dept. of environment (brandywine),5/11/2016,title vi: race,resolved through epa/dot joint informal resolution agreement: 1/30/2019; monitoring completed and case closed 12/15/2020,2016-05-11,resolved through epa/dot joint informal resolution agreement,2020-12-15,1/30/2019; monitoring completed and case closed 12/15/2020,race,race,,1679.0
30r-16-r3,md dept of nat res,5/11/2016,title vi: race,resolved through epa/dot joint informal resolution agreement: 1/30/2019; monitoring completed and case closed 2/6/2020,2016-05-11,resolved through epa/dot joint informal resolution agreement,2020-02-06,1/30/2019; monitoring completed and case closed 2/6/2020,race,race,,1366.0
31r-16-r4,"st. john’s county, fl",5/17/2016 5/19/2016,"title vi: race, retaliation",rejected and closed 3/1/2018: investigation unwarranted- insufficiently grounded in fact,,rejected and closed,2018-03-01,investigation unwarranted- insufficiently grounded in fact,"race, retaliation",race, retaliation,
32d-16-r9,"santa clara county, ca",6/6/2016,ada/section 504: disability,rejected (and referred to hhs) 11/3/2017: lack of jurisdiction,2016-06-06,rejected (and referred to hhs),2017-11-03,lack of jurisdiction,disability,disability,,515.0
33ta-16-r3,de dept of nat res and environmental control,6/3/2016,,technical assistance,2016-06-03,technical assistance,,,,,,
34rno-16-r10,"yakima regional clean air authority, wa",6/11/2016,"title vi: race, national origin",resolved through informal resolution agreement: 8/9/2019; monitoring completed and case closed 8/19/2020,2016-06-11,resolved through informal resolution agreement,2020-08-19,8/9/2019; monitoring completed and case closed 8/19/2020,"race, national origin",race, national origin,1530.0
35rno-16-r10,wa dept of ecology,6/11/2016,"title vi: race, national origin",rejected 2/11/2019: lack of alleged covered discriminatory act,2016-06-11,rejected,2019-02-11,lack of alleged covered discriminatory act,"race, national origin",race, national origin,975.0
36r-16-r9,"city and county of honolulu, hi",6/30/2016,title vi: race,referred (eeoc) 2/16/2017: lack of jurisdiction,2016-06-30,referred (eeoc),2017-02-16,lack of jurisdiction,race,race,,231.0
37r-16-r4,nc deq – pork cafo (retaliation),7/11/2016,title vi: retaliation,accepted and admin closure 8/2/2016: incorporated into then-pending investigation of 11r-14-r4,2016-07-11,accepted and admin closure,2016-08-02,incorporated into then-pending investigation of 11r-14-r4,retaliation,retaliation,,22.0
38r-16-r4,al dem – arrowhead landfill (retaliation),8/19/2016,title vi: retaliation,accepted and admin closure 10/5/2016: incorporated into then-pending investigation of 12r-13-r4,2016-08-19,accepted and admin closure,2016-10-05,incorporated into then-pending investigation of 12r-13-r4,retaliation,retaliation,,47.0
39r-16-r9,ca dept of toxic substances control,8/26/2016,title vi: race,rejected 10/15/2018: further investigation unwarranted – issue raised in complaint resolved,2016-08-26,rejected,2018-10-15,further investigation unwarranted – issue raised in complaint resolved,race,race,,780.0
40d-16-r4,"habitat for humanity, jacksonville fl",8/30/2016,section 504: disability,"rejected 11/3/2017: lack of recipient jurisdiction, provided fdep contact re: enviro concerns",2016-08-30,rejected,2017-11-03,enviro concerns,disability,disability,,430.0
41d-16-r4,"city of jacksonville, fl",8/30/2016,section 504: disability,rejected 11/3/2017: not timely filed,2016-08-30,rejected,2017-11-03,not timely filed,disability,disability,,430.0
42d-16-r9,baaqmd,8/31/2016,section 504: disability,rejected 8/30/2018: investigation unwarranted - issue raised in complaint resolved,2016-08-31,rejected,2018-08-30,investigation unwarranted - issue raised in complaint resolved,disability,disability,,729.0
44rno-16-r9,hawaii dept of ag,9/15/2016,"title vi: race, national origin",resolved through informal resolution agreement: 5/30/2019; in monitoring,2016-09-15,resolved through informal resolution agreement,2019-05-30,5/30/2019; in monitoring,"race, national origin",race, national origin,987.0
45rno-16-r9,hawaii agribusiness dev corp,9/15/2016,"title vi: race, national origin",resolved through informal resolution agreement: 8/29/2019; in monitoring,2016-09-15,resolved through informal resolution agreement,2019-08-29,8/29/2019; in monitoring,"race, national origin",race, national origin,1078.0
46r-16-r4,lee county (fl) school district,9/22/2016,"title vi: race, national origin",rejected 5/1/2017: lack of jurisdiction,2016-09-22,rejected,2017-05-01,lack of jurisdiction,"race, national origin",race, national origin,221.0
47u-16-r4,nc dept of public safety,9/12/2016,unknown (enviro conditions),rejected and referred (doj) 11/9/2017: lack of jurisdiction,2016-09-12,rejected and referred (doj),2017-11-09,lack of jurisdiction,,,,423.0
48x-16-r6,lewis unit (tx),9/23/2016,none,resolved and closed administratively 12/19/2016: provided epa contact re: injection of flotation foam for boats,2016-09-23,resolved and closed administratively,2016-12-19,injection of flotation foam for boats,,,,87.0
01r-15-r4,al dept of corrections,1/5/2015,unknown (enviro conditions),rejected and referred (doj) 3/27/2015: lack of jurisdiction,2015-01-05,rejected and referred (doj),2015-03-27,lack of jurisdiction,,,,81.0
02r-15-r3,balt. county (md) dept of public works,1/23/2015,title vi: race,rejected 3/31/2015: lack of current jurisdiction,2015-01-23,rejected,2015-03-31,lack of current jurisdiction,race,race,,67.0
03r-15-r4,jefferson co (al) dept of health – abc coke,2/6/2015,title vi: race,resolved through informal resolution agreement: 7/2/2019; in monitoring,2015-02-06,resolved through informal resolution agreement,2019-07-02,7/2/2019; in monitoring,race,race,,1607.0
04r-15-r4,al dept of corrections – limestone corr fac,2/9/2015,unknown (enviro conditions),rejected and referred (doj) 4/3/2015: lack of jurisdiction,2015-02-09,rejected and referred (doj),2015-04-03,lack of jurisdiction,,,,53.0
05d-15-r6,laredo (tx); webb co (tx) utilities dept; tceq,2/18/2015,section 504: disability,"rejected 1/21/2016: lack of jurisdiction (city and county), lack of discriminatory act",2015-02-18,rejected,2016-01-21,"lack of jurisdiction (city and county), lack of discriminatory act",disability,disability,,337.0
06r-15-r6,ameripure oyster plant; city of franklin (la),2/24/2015,title vi: race,"rejected 5/5/2015 & 2/11/2016: lack of jurisdiction, untimely filed",2015-02-24,rejected 5/5/2015 &,2016-02-11,"lack of jurisdiction, untimely filed",race,race,,352.0
07r-15-r6,baton rouge (la),2/25/2015,title vi: race,rejected 8/31/2016: lack of discriminatory act,2015-02-25,rejected,2016-08-31,lack of discriminatory act,race,race,,553.0
08r-15-r4,jefferson co (al) dept of health – walter,3/2/2015,title vi: race,resolved through informal resolution agreement: 7/2/2019; in monitoring,2015-03-02,resolved through informal resolution agreement,2019-07-02,7/2/2019; in monitoring,race,race,,1583.0
09r-15-r9,calif. epa/dept of toxic substances control,3/19/2015,title vi: race,resolved and closed through adr settlement: 9/13/2016,2015-03-19,resolved and closed through adr settlement,2016-09-13,9/13/2016,race,race,,544.0
10u-15-r8,nd dept of agriculture,4/13/2015,unknown (mediation service),rejected and referred (usda) 7/8/2015: lack of jurisdiction,2015-04-13,rejected and referred (usda),2015-07-08,lack of jurisdiction,,,,86.0
11d-15-r3,winn apts. (dc),6/8/2015,section 504: disability,"rejected and referred (dc dept of health, dc dept of consumer regulatory affairs) 8/20/2015: lack of jurisdiction",2015-06-08,"rejected and referred (dc dept of health, dc dept of consumer regulatory affairs)",2015-08-20,lack of jurisdiction,disability,disability,,73.0
12u-15-r5,auto body shop,6/9/2015,unknown (enviro conditions),"rejected 4/14/2016: lack of discriminatory act, suggested contact usdol/osha",2015-06-09,rejected,2016-04-14,"lack of discriminatory act, suggested contact usdol/osha",,,,310.0
13u-15-r4,nc dept of public safety - pamlico corr inst,6/24/2015,unknown (enviro conditions),rejected and referred (doj) 8/20/2015: lack of jurisdiction,2015-06-24,rejected and referred (doj),2015-08-20,lack of jurisdiction,,,,57.0
15u-15-r4,nc dept of public safety - eastern corr inst,6/30/2015,unknown (enviro conditions),"rejected and referred (usdoj, nc dhhs, usdol/osha) 8/21/2015: lack of jurisdiction",2015-06-30,"rejected and referred (usdoj, nc dhhs, usdol/osha)",2015-08-21,lack of jurisdiction,,,,52.0
16d-15-r3,philadelphia county (pa) assistance office,6/29/2015,section 504: disability,rejected and referred (hhs) 7/22/2015: lack of jurisdiction,2015-06-29,rejected and referred (hhs),2015-07-22,lack of jurisdiction,disability,disability,,23.0
17x-15-r5,"rainforest inquiry (jefferson es 4th graders, rochester, mn)",5/27/2015,unknown (enviro conditions),referred to epa office of enviro education on 8/20/2015 for response – not a complaint,2015-05-27,referred to epa office of enviro education on 8/20/2015 for response – not a complaint,2015-08-20,,,,,85.0
18r-15-r5,il epa – agrifine,7/23/2015,title vi: race,admin closure (withdrawn): 1/27/2016,2015-07-23,admin closure (withdrawn),2016-01-27,1/27/2016,race,race,,188.0
19r-15-r2,nj dep – trenton hs,5/26/2015,title vi: race,rejected 9/14/2018: investigation unwarranted – actions already taken,2015-05-26,rejected,2018-09-14,investigation unwarranted – actions already taken,race,race,,1207.0
20u-15-r6,"broken arrow, ok area",7/10/2015,unknown (enviro conditions),"rejected 8/10/2015: no recipient named, no discriminatory act",2015-07-10,rejected,2015-08-10,"no recipient named, no discriminatory act",,,,31.0
21u-15-r4,al dept of corrections,7/21/2015,unknown (enviro conditions),rejected and referred (doj) 8/27/2015: lack of jurisdiction,2015-07-21,rejected and referred (doj),2015-08-27,lack of jurisdiction,,,,37.0
22x-15-r6,"village villas (hot springs, ar)",8/6/2015,unknown (enviro conditions),"rejected 1/20/2016: lack of jurisdiction, lack of discrim act – suggested contact hot springs nuisance abatement office",2015-08-06,rejected,2016-01-20,"lack of jurisdiction, lack of discrim act – suggested contact hot springs nuisance abatement office",,,,167.0
23u-15-r9,"double tree hotel (sacramento, ca)",8/12/2015,unknown (enviro conditions),"rejected 2/2/2016: lack of jurisdiction, lack of discrim act – suggested contact calif. dph, indoor air quality section",2015-08-12,rejected,2016-02-02,"lack of jurisdiction, lack of discrim act – suggested contact calif. dph, indoor air quality section",,,,174.0
24u-15-r4,pipe masters (nc),8/22/2015,unknown (enviro conditions),"rejected 3/17/2016: lack of jurisdiction, lack of discrim act",2015-08-22,rejected,2016-03-17,"lack of jurisdiction, lack of discrim act",,,,208.0
25r-15-r6,stella-jones inc. colfax treating co (la),8/23/2015,title vi: race,rejected 9/29/2017: lack of jurisdiction – referred epa region 6 (existing contact),2015-08-23,rejected,2017-09-29,lack of jurisdiction – referred epa region 6 (existing contact),race,race,,768.0
01r-14-r2,port authority of ny&nj,1/27/2014,title vi: race,rejected 2/2/2015: untimely filed,2014-01-27,rejected,2015-02-02,untimely filed,race,race,,371.0
02r-14-r4,florida atlantic univ,1/12/2014,title vi: race,"rejected 4/24/2014: lack of jurisdiction, lack of discriminatory act",2014-01-12,rejected,2014-04-24,"lack of jurisdiction, lack of discriminatory act",race,race,,102.0
03a-14-r6,waller county (tx); tceq,3/12/2014,age discrimination act: age title vi: race,rejected without prejudice 10/29/2014: pending litigation,2014-03-12,rejected without prejudice,2014-10-29,pending litigation,race,race,,231.0
04d-14-r10,id deq; clearwater county (id); city of orofino (id); orofino/whiskey creek water and sewer dist.,3/24/2014,section 504: disability,"rejected 4/2/2015: untimely filed and lack of jurisdiction (1); lack of discriminatory act and lack of jurisdiction (2); lack of discriminatory act, uncertain timeliness and lack of jurisdiction (3); lack of discriminatory act and uncertain timeliness (4)",2014-03-24,rejected,2015-04-02,"untimely filed and lack of jurisdiction (1); lack of discriminatory act and lack of jurisdiction (2); lack of discriminatory act, uncertain timeliness and lack of jurisdiction (3); lack of discriminatory act and uncertain timeliness (4)",disability,disability,,374.0
05r-14-r9,city of oakland (ca); port of oakland (ca); us cbp; north american 3pl,5/9/2014,title vi: race,rejected and referred (dot) 10/10/2014: lack of subject- matter jurisdiction,2014-05-09,rejected and referred (dot),2014-10-10,lack of subject- matter jurisdiction,race,race,,154.0
06r-14-r9,calif dept of corrections and rehab,6/6/2014,title vi: race,rejected and referred (doj) 10/1/2014: lack of jurisdiction,2014-06-06,rejected and referred (doj),2014-10-01,lack of jurisdiction,race,race,,117.0
07a-14-r9,north coast regional water quality control board (ca),6/19/2014,age discrimination act: age title vi: race,rejected 6/10/2015: unripe for investigation,2014-06-19,rejected,2015-06-10,unripe for investigation,race,race,,356.0
08r-14-r9,county of los angeles (ca); city of los angeles; los angeles regional water quality control board; los angeles unified school district; shell oil,6/7/2014,title vi: race,rejected 4/13/2015: untimely filed,2014-06-07,rejected,2015-04-13,untimely filed,race,race,,310.0
09r-14-r4,nc dept of public safety – green corr inst,7/7/2014,title vi: race,rejected and referred (doj) 5/5/2015: lack of jurisdiction,2014-07-07,rejected and referred (doj),2015-05-05,lack of jurisdiction,race,race,,302.0
10no-14-r10,lane regional air protection agency (or),8/5/2014,title vi: national origin,resolved through informal resolution agreement: 9/23/2019; in monitoring,2014-08-05,resolved through informal resolution agreement,2019-09-23,9/23/2019; in monitoring,national origin,national origin,,1875.0
11r-14-r4,nc deq,9/3/2014,title vi: race,resolved and closed through adr settlement: 5/7/2018,2014-09-03,resolved and closed through adr settlement,2018-05-07,5/7/2018,race,race,,1342.0
,,,section 504: disability,,,,,,disability,disability,,
13r-14-r6,albuquerque-bernalillo county air quality control board (nm); city of albuquerque air quality division,9/16/2014,title vi: race,pending: in informal resolution negotiation,2014-09-16,pending,,in informal resolution negotiation,race,race,,
14r-14-r4,nc dot,9/18/2014,title vi: race,rejected and referred (usdot) 4/3/2017: lack of jurisdiction,2014-09-18,rejected and referred (usdot),2017-04-03,lack of jurisdiction,race,race,,928.0
15u-14-r4,nc dept of public safety,10/14/2014,unknown (envir conditions),rejected and referred (nc deq) 2/12/2016: lack of jurisdiction,2014-10-14,rejected and referred (nc deq),2016-02-12,lack of jurisdiction,,,,486.0
16no-14-r5,oneida reservation,10/14/2014,title vi: national origin,rejected and referred (oneida nation environmental office) 4/20/2015: lack of discriminatory act,2014-10-14,rejected and referred (oneida nation environmental office),2015-04-20,lack of discriminatory act,national origin,national origin,,188.0
17r-14-r4,city of atlanta (ga) watershed mgmt,10/22/2014,title vi: retaliation,"admin closure 11/13/2014: complaint already w/osha, osha had sent as courtesy re: sdwa violation reporting",2014-10-22,admin closure,2014-11-13,sdwa violation reporting,retaliation,retaliation,,22.0
18r-14-r4,city of flovilla (ga),10/23/2014,title vi: retaliation,rejected 8/28/2015: lack of discriminatory act,2014-10-23,rejected,2015-08-28,lack of discriminatory act,retaliation,retaliation,,309.0
19no-14-r1,mass dep,10/29/2014,title vi: national origin,"admin closure 7/29/2016: lack of discriminatory act, lack of complainant to clarify",2014-10-29,admin closure,2016-07-29,"lack of discriminatory act, lack of complainant to clarify",national origin,national origin,,639.0
20r-14-r4,city of chattanooga- hamilton co air pollution control bureau (tn),11/6/2014,title vi: race,"rejected 2/11/2016: discriminatory act unclear, untimely filed",2014-11-06,rejected,2016-02-11,"discriminatory act unclear, untimely filed",race,race,,462.0
